,mse,mae,rmse,r2_square,adj_r2_square
Linear Regression,1216628.152352198,808.9288649922121,1103.0086819024582,0.9247116277339696,0.9247038480003332
