,mse,mae,rmse,r2_square,adj_r2_square
Linear Regression,1209259.6799586136,810.6408367324608,1099.6634394025355,0.9251676095321284,0.9251579435125377
