carat,depth,table,x,y,z
193573.0,193573.0,193573.0,193573.0,193573.0,193573.0
0.7906878541945415,61.82057415032056,57.22767483068404,5.715312104477381,5.720094382997628,3.5342463360076035
0.46268773915022054,1.0817043574329797,1.9188442793738754,1.1094221570348355,1.1023334834958547,0.6889221063801613
0.2,52.1,49.0,0.0,0.0,0.0
0.4,61.3,56.0,4.7,4.71,2.9
0.7,61.9,57.0,5.7,5.72,3.53
1.03,62.4,58.0,6.51,6.51,4.03
3.5,71.6,79.0,9.65,10.01,31.3
